model,a,b,truth,prediction,phash,dhash,ahash,cosine,pixel_correlation,capture_gap,time_tier,dimensions,embedding_recovered
mobilenet,held_out-00-base,held_out-00-exact,EXACT_DUPLICATE,EXACT_DUPLICATE,0,0,0,1.0,1.0,,incomparable,"[[256, 256], [256, 256]]",False
mobilenet,held_out-00-base,held_out-00-resize,NEAR_DUPLICATE,NEAR_DUPLICATE,0,0,0,0.9832085371017456,0.9999197125434875,,incomparable,"[[256, 256], [384, 384]]",False
mobilenet,held_out-00-base,held_out-00-slight_crop,NEAR_DUPLICATE,NEAR_DUPLICATE,0,1,0,0.9794214367866516,0.9872773885726929,,incomparable,"[[256, 256], [250, 250]]",True
mobilenet,held_out-00-base,held_out-00-moderate_crop,SIMILAR_BUT_NOT_DUPLICATE,,36,37,28,0.8092434406280518,0.0871523767709732,,incomparable,"[[256, 256], [128, 128]]",False
mobilenet,held_out-00-base,held_out-00-brightness,NEAR_DUPLICATE,NEAR_DUPLICATE,0,0,0,0.9980445504188538,0.9998074769973755,,incomparable,"[[256, 256], [256, 256]]",False
mobilenet,held_out-00-base,held_out-00-contrast,NEAR_DUPLICATE,NEAR_DUPLICATE,0,0,0,0.9982622265815735,0.9998494982719421,,incomparable,"[[256, 256], [256, 256]]",False
mobilenet,held_out-00-base,held_out-00-rotation,NEAR_DUPLICATE,NEAR_DUPLICATE,4,6,2,0.9702204465866089,0.9450273513793945,,incomparable,"[[256, 256], [256, 256]]",True
mobilenet,held_out-00-base,held_out-00-blur,NEAR_DUPLICATE,NEAR_DUPLICATE,0,0,0,0.8128784894943237,0.9995993375778198,,incomparable,"[[256, 256], [256, 256]]",False
mobilenet,held_out-00-base,held_out-00-unrelated,UNRELATED,,34,31,27,0.9513294100761414,0.0024823369458317757,,incomparable,"[[256, 256], [256, 256]]",False
mobilenet,held_out-00-base,held_out-00-recompressed,NEAR_DUPLICATE,NEAR_DUPLICATE,0,0,0,0.8379926681518555,0.9998232126235962,,incomparable,"[[256, 256], [256, 256]]",False
mobilenet,held_out-00-burst0,held_out-00-burst1,BURST_SAME_MOMENT,BURST_GROUP,4,4,0,0.9942335486412048,0.9878971576690674,3.0,exif_timezone,"[[256, 256], [256, 256]]",False
mobilenet,held_out-00-burst1,held_out-00-burst2,BURST_SAME_MOMENT,BURST_GROUP,4,5,1,0.9947876930236816,0.9910944104194641,4.0,exif_timezone,"[[256, 256], [256, 256]]",False
mobilenet,held_out-00-dated,held_out-00-far,SIMILAR_BUT_NOT_DUPLICATE,,0,0,0,0.9936121106147766,0.999930739402771,15638400.0,exif_timezone,"[[256, 256], [256, 256]]",False
mobilenet,held_out-01-base,held_out-01-exact,EXACT_DUPLICATE,EXACT_DUPLICATE,0,0,0,1.0,0.9999997019767761,,incomparable,"[[256, 256], [256, 256]]",False
mobilenet,held_out-01-base,held_out-01-resize,NEAR_DUPLICATE,NEAR_DUPLICATE,0,1,0,0.9795308709144592,0.9999337196350098,,incomparable,"[[256, 256], [384, 384]]",False
mobilenet,held_out-01-base,held_out-01-slight_crop,NEAR_DUPLICATE,NEAR_DUPLICATE,0,1,0,0.9703950881958008,0.9901701211929321,,incomparable,"[[256, 256], [250, 250]]",True
mobilenet,held_out-01-base,held_out-01-moderate_crop,SIMILAR_BUT_NOT_DUPLICATE,,30,25,23,0.8363879919052124,0.18468621373176575,,incomparable,"[[256, 256], [128, 128]]",False
mobilenet,held_out-01-base,held_out-01-brightness,NEAR_DUPLICATE,NEAR_DUPLICATE,0,1,0,0.998315691947937,0.9998927712440491,,incomparable,"[[256, 256], [256, 256]]",False
mobilenet,held_out-01-base,held_out-01-contrast,NEAR_DUPLICATE,NEAR_DUPLICATE,0,0,0,0.9979376196861267,0.9998717308044434,,incomparable,"[[256, 256], [256, 256]]",False
mobilenet,held_out-01-base,held_out-01-rotation,NEAR_DUPLICATE,NEAR_DUPLICATE,4,4,3,0.9774945378303528,0.9606765508651733,,incomparable,"[[256, 256], [256, 256]]",True
mobilenet,held_out-01-base,held_out-01-blur,NEAR_DUPLICATE,NEAR_DUPLICATE,0,0,0,0.8455684185028076,0.9996864199638367,,incomparable,"[[256, 256], [256, 256]]",False
mobilenet,held_out-01-base,held_out-01-unrelated,UNRELATED,,26,27,22,0.9530878067016602,0.3514159321784973,,incomparable,"[[256, 256], [256, 256]]",False
mobilenet,held_out-01-base,held_out-01-recompressed,NEAR_DUPLICATE,NEAR_DUPLICATE,0,0,0,0.8577572107315063,0.9998291730880737,,incomparable,"[[256, 256], [256, 256]]",False
mobilenet,held_out-01-burst0,held_out-01-burst1,BURST_SAME_MOMENT,BURST_GROUP,10,3,2,0.9936455488204956,0.9607068300247192,3.0,exif_timezone,"[[256, 256], [256, 256]]",False
mobilenet,held_out-01-burst1,held_out-01-burst2,BURST_SAME_MOMENT,BURST_GROUP,10,3,2,0.9829057455062866,0.9565447568893433,4.0,exif_timezone,"[[256, 256], [256, 256]]",False
mobilenet,held_out-01-dated,held_out-01-far,SIMILAR_BUT_NOT_DUPLICATE,,0,1,0,0.9887716770172119,0.9999315738677979,15638400.0,exif_timezone,"[[256, 256], [256, 256]]",False
mobilenet,held_out-02-base,held_out-02-exact,EXACT_DUPLICATE,EXACT_DUPLICATE,0,0,0,0.9999999403953552,1.0,,incomparable,"[[256, 256], [256, 256]]",False
mobilenet,held_out-02-base,held_out-02-resize,NEAR_DUPLICATE,NEAR_DUPLICATE,0,0,0,0.9884141683578491,0.9999194145202637,,incomparable,"[[256, 256], [384, 384]]",False
mobilenet,held_out-02-base,held_out-02-slight_crop,NEAR_DUPLICATE,NEAR_DUPLICATE,4,1,1,0.9874010682106018,0.9862443804740906,,incomparable,"[[256, 256], [250, 250]]",True
mobilenet,held_out-02-base,held_out-02-moderate_crop,SIMILAR_BUT_NOT_DUPLICATE,,34,33,28,0.8416750431060791,-0.08093893527984619,,incomparable,"[[256, 256], [128, 128]]",False
mobilenet,held_out-02-base,held_out-02-brightness,NEAR_DUPLICATE,NEAR_DUPLICATE,0,0,0,0.999082088470459,0.9998576045036316,,incomparable,"[[256, 256], [256, 256]]",False
mobilenet,held_out-02-base,held_out-02-contrast,NEAR_DUPLICATE,NEAR_DUPLICATE,0,0,0,0.9986039400100708,0.9998623132705688,,incomparable,"[[256, 256], [256, 256]]",False
mobilenet,held_out-02-base,held_out-02-rotation,NEAR_DUPLICATE,NEAR_DUPLICATE,6,6,1,0.9793127775192261,0.942714512348175,,incomparable,"[[256, 256], [256, 256]]",True
mobilenet,held_out-02-base,held_out-02-blur,NEAR_DUPLICATE,NEAR_DUPLICATE,0,0,0,0.8045406341552734,0.9996339082717896,,incomparable,"[[256, 256], [256, 256]]",False
mobilenet,held_out-02-base,held_out-02-unrelated,UNRELATED,,28,26,24,0.9670376777648926,0.23656824231147766,,incomparable,"[[256, 256], [256, 256]]",False
mobilenet,held_out-02-base,held_out-02-recompressed,NEAR_DUPLICATE,NEAR_DUPLICATE,0,0,0,0.8822762966156006,0.9997633099555969,,incomparable,"[[256, 256], [256, 256]]",False
mobilenet,held_out-02-burst0,held_out-02-burst1,BURST_SAME_MOMENT,BURST_GROUP,2,3,2,0.9961938858032227,0.9825502634048462,3.0,exif_timezone,"[[256, 256], [256, 256]]",False
mobilenet,held_out-02-burst1,held_out-02-burst2,BURST_SAME_MOMENT,BURST_GROUP,4,2,3,0.9975866079330444,0.9866608381271362,4.0,exif_timezone,"[[256, 256], [256, 256]]",False
mobilenet,held_out-02-dated,held_out-02-far,SIMILAR_BUT_NOT_DUPLICATE,,0,0,0,0.9956978559494019,0.9999200105667114,15638400.0,exif_timezone,"[[256, 256], [256, 256]]",False
mobilenet,held_out-03-base,held_out-03-exact,EXACT_DUPLICATE,EXACT_DUPLICATE,0,0,0,1.0,0.9999995231628418,,incomparable,"[[256, 256], [256, 256]]",False
mobilenet,held_out-03-base,held_out-03-resize,NEAR_DUPLICATE,NEAR_DUPLICATE,0,0,0,0.9736153483390808,0.9999117851257324,,incomparable,"[[256, 256], [384, 384]]",False
mobilenet,held_out-03-base,held_out-03-slight_crop,NEAR_DUPLICATE,NEAR_DUPLICATE,2,1,1,0.961612343788147,0.9852379560470581,,incomparable,"[[256, 256], [250, 250]]",True
mobilenet,held_out-03-base,held_out-03-moderate_crop,SIMILAR_BUT_NOT_DUPLICATE,,28,26,13,0.8263159394264221,0.4663301110267639,,incomparable,"[[256, 256], [128, 128]]",False
mobilenet,held_out-03-base,held_out-03-brightness,NEAR_DUPLICATE,NEAR_DUPLICATE,0,1,0,0.998544454574585,0.9998317956924438,,incomparable,"[[256, 256], [256, 256]]",False
mobilenet,held_out-03-base,held_out-03-contrast,NEAR_DUPLICATE,NEAR_DUPLICATE,0,0,0,0.9983004331588745,0.9998370409011841,,incomparable,"[[256, 256], [256, 256]]",False
mobilenet,held_out-03-base,held_out-03-rotation,NEAR_DUPLICATE,NEAR_DUPLICATE,4,7,2,0.9541124105453491,0.9454065561294556,,incomparable,"[[256, 256], [256, 256]]",True
mobilenet,held_out-03-base,held_out-03-blur,NEAR_DUPLICATE,NEAR_DUPLICATE,0,0,0,0.7655458450317383,0.9996557235717773,,incomparable,"[[256, 256], [256, 256]]",False
mobilenet,held_out-03-base,held_out-03-unrelated,UNRELATED,,30,32,23,0.9204570651054382,0.30075252056121826,,incomparable,"[[256, 256], [256, 256]]",False
mobilenet,held_out-03-base,held_out-03-recompressed,NEAR_DUPLICATE,NEAR_DUPLICATE,0,0,0,0.7591699957847595,0.999758243560791,,incomparable,"[[256, 256], [256, 256]]",False
mobilenet,held_out-03-burst0,held_out-03-burst1,BURST_SAME_MOMENT,BURST_GROUP,2,1,0,0.9957477450370789,0.9982256889343262,3.0,exif_timezone,"[[256, 256], [256, 256]]",False
mobilenet,held_out-03-burst1,held_out-03-burst2,BURST_SAME_MOMENT,BURST_GROUP,2,3,0,0.9968639612197876,0.9976324439048767,4.0,exif_timezone,"[[256, 256], [256, 256]]",False
mobilenet,held_out-03-dated,held_out-03-far,SIMILAR_BUT_NOT_DUPLICATE,,0,0,0,0.9892193078994751,0.999915361404419,15638400.0,exif_timezone,"[[256, 256], [256, 256]]",False
mobilenet,held_out-04-base,held_out-04-exact,EXACT_DUPLICATE,EXACT_DUPLICATE,0,0,0,1.0,1.0,,incomparable,"[[256, 256], [256, 256]]",False
mobilenet,held_out-04-base,held_out-04-resize,NEAR_DUPLICATE,NEAR_DUPLICATE,0,1,0,0.9785783886909485,0.9999328255653381,,incomparable,"[[256, 256], [384, 384]]",False
mobilenet,held_out-04-base,held_out-04-slight_crop,NEAR_DUPLICATE,NEAR_DUPLICATE,2,3,4,0.978667676448822,0.9749650955200195,,incomparable,"[[256, 256], [250, 250]]",True
mobilenet,held_out-04-base,held_out-04-moderate_crop,SIMILAR_BUT_NOT_DUPLICATE,,28,30,20,0.8479173183441162,0.20107150077819824,,incomparable,"[[256, 256], [128, 128]]",False
mobilenet,held_out-04-base,held_out-04-brightness,NEAR_DUPLICATE,NEAR_DUPLICATE,2,1,0,0.9976217746734619,0.9996223449707031,,incomparable,"[[256, 256], [256, 256]]",False
mobilenet,held_out-04-base,held_out-04-contrast,NEAR_DUPLICATE,NEAR_DUPLICATE,2,0,0,0.9979541897773743,0.9998583793640137,,incomparable,"[[256, 256], [256, 256]]",False
mobilenet,held_out-04-base,held_out-04-rotation,NEAR_DUPLICATE,NEAR_DUPLICATE,2,10,2,0.9708917140960693,0.9304707050323486,,incomparable,"[[256, 256], [256, 256]]",True
mobilenet,held_out-04-base,held_out-04-blur,NEAR_DUPLICATE,NEAR_DUPLICATE,0,1,0,0.8253551125526428,0.9996077418327332,,incomparable,"[[256, 256], [256, 256]]",False
mobilenet,held_out-04-base,held_out-04-unrelated,UNRELATED,,34,33,32,0.9238221645355225,0.05894537270069122,,incomparable,"[[256, 256], [256, 256]]",False
mobilenet,held_out-04-base,held_out-04-recompressed,NEAR_DUPLICATE,NEAR_DUPLICATE,0,1,0,0.8698010444641113,0.9997736215591431,,incomparable,"[[256, 256], [256, 256]]",False
mobilenet,held_out-04-burst0,held_out-04-burst1,BURST_SAME_MOMENT,BURST_GROUP,6,3,0,0.9735704660415649,0.969221830368042,3.0,exif_timezone,"[[256, 256], [256, 256]]",False
mobilenet,held_out-04-burst1,held_out-04-burst2,BURST_SAME_MOMENT,BURST_GROUP,6,3,2,0.9844675064086914,0.9434459209442139,4.0,exif_timezone,"[[256, 256], [256, 256]]",False
mobilenet,held_out-04-dated,held_out-04-far,SIMILAR_BUT_NOT_DUPLICATE,,0,0,0,0.9907960891723633,0.9999274015426636,15638400.0,exif_timezone,"[[256, 256], [256, 256]]",False
mobilenet,held_out-05-base,held_out-05-exact,EXACT_DUPLICATE,EXACT_DUPLICATE,0,0,0,1.0,1.0,,incomparable,"[[256, 256], [256, 256]]",False
mobilenet,held_out-05-base,held_out-05-resize,NEAR_DUPLICATE,NEAR_DUPLICATE,0,0,0,0.9726356267929077,0.9999350309371948,,incomparable,"[[256, 256], [384, 384]]",False
mobilenet,held_out-05-base,held_out-05-slight_crop,NEAR_DUPLICATE,NEAR_DUPLICATE,0,1,3,0.9691555500030518,0.986538290977478,,incomparable,"[[256, 256], [250, 250]]",True
mobilenet,held_out-05-base,held_out-05-moderate_crop,SIMILAR_BUT_NOT_DUPLICATE,,36,24,28,0.8019073605537415,0.0467509925365448,,incomparable,"[[256, 256], [128, 128]]",False
mobilenet,held_out-05-base,held_out-05-brightness,NEAR_DUPLICATE,NEAR_DUPLICATE,0,0,0,0.9960694909095764,0.9997849464416504,,incomparable,"[[256, 256], [256, 256]]",False
mobilenet,held_out-05-base,held_out-05-contrast,NEAR_DUPLICATE,NEAR_DUPLICATE,0,0,0,0.9976856708526611,0.999875545501709,,incomparable,"[[256, 256], [256, 256]]",False
mobilenet,held_out-05-base,held_out-05-rotation,NEAR_DUPLICATE,,8,6,3,0.9232131838798523,0.9549503922462463,,incomparable,"[[256, 256], [256, 256]]",False
mobilenet,held_out-05-base,held_out-05-blur,NEAR_DUPLICATE,NEAR_DUPLICATE,0,0,0,0.8109984993934631,0.9995673298835754,,incomparable,"[[256, 256], [256, 256]]",False
mobilenet,held_out-05-base,held_out-05-unrelated,UNRELATED,,26,28,16,0.9239444732666016,0.37597811222076416,,incomparable,"[[256, 256], [256, 256]]",False
mobilenet,held_out-05-base,held_out-05-recompressed,NEAR_DUPLICATE,NEAR_DUPLICATE,0,0,0,0.7857794165611267,0.9998453855514526,,incomparable,"[[256, 256], [256, 256]]",False
mobilenet,held_out-05-burst0,held_out-05-burst1,BURST_SAME_MOMENT,BURST_GROUP,0,1,1,0.9893394112586975,0.9943106174468994,3.0,exif_timezone,"[[256, 256], [256, 256]]",False
mobilenet,held_out-05-burst1,held_out-05-burst2,BURST_SAME_MOMENT,BURST_GROUP,0,0,0,0.987551212310791,0.9905208945274353,4.0,exif_timezone,"[[256, 256], [256, 256]]",False
mobilenet,held_out-05-dated,held_out-05-far,SIMILAR_BUT_NOT_DUPLICATE,,0,0,0,0.986222505569458,0.9999408721923828,15638400.0,exif_timezone,"[[256, 256], [256, 256]]",False
mobilenet,held_out-06-base,held_out-06-exact,EXACT_DUPLICATE,EXACT_DUPLICATE,0,0,0,1.0,1.0,,incomparable,"[[256, 256], [256, 256]]",False
mobilenet,held_out-06-base,held_out-06-resize,NEAR_DUPLICATE,NEAR_DUPLICATE,0,0,0,0.9825655221939087,0.9999193549156189,,incomparable,"[[256, 256], [384, 384]]",False
mobilenet,held_out-06-base,held_out-06-slight_crop,NEAR_DUPLICATE,NEAR_DUPLICATE,4,1,1,0.98603755235672,0.989016592502594,,incomparable,"[[256, 256], [250, 250]]",True
mobilenet,held_out-06-base,held_out-06-moderate_crop,SIMILAR_BUT_NOT_DUPLICATE,,28,22,25,0.8249095678329468,0.33477985858917236,,incomparable,"[[256, 256], [128, 128]]",False
mobilenet,held_out-06-base,held_out-06-brightness,NEAR_DUPLICATE,NEAR_DUPLICATE,0,0,0,0.9986510276794434,0.9998896718025208,,incomparable,"[[256, 256], [256, 256]]",False
mobilenet,held_out-06-base,held_out-06-contrast,NEAR_DUPLICATE,NEAR_DUPLICATE,0,0,1,0.9993023872375488,0.9998267292976379,,incomparable,"[[256, 256], [256, 256]]",False
mobilenet,held_out-06-base,held_out-06-rotation,NEAR_DUPLICATE,NEAR_DUPLICATE,6,5,1,0.9689192771911621,0.9544587135314941,,incomparable,"[[256, 256], [256, 256]]",True
mobilenet,held_out-06-base,held_out-06-blur,NEAR_DUPLICATE,NEAR_DUPLICATE,2,0,0,0.8158153295516968,0.9996509552001953,,incomparable,"[[256, 256], [256, 256]]",False
mobilenet,held_out-06-base,held_out-06-unrelated,UNRELATED,,30,29,25,0.9516568183898926,0.24429400265216827,,incomparable,"[[256, 256], [256, 256]]",False
mobilenet,held_out-06-base,held_out-06-recompressed,NEAR_DUPLICATE,NEAR_DUPLICATE,0,0,0,0.8629904389381409,0.9997861385345459,,incomparable,"[[256, 256], [256, 256]]",False
mobilenet,held_out-06-burst0,held_out-06-burst1,BURST_SAME_MOMENT,BURST_GROUP,0,1,0,0.9958819150924683,0.9909833669662476,3.0,exif_timezone,"[[256, 256], [256, 256]]",False
mobilenet,held_out-06-burst1,held_out-06-burst2,BURST_SAME_MOMENT,BURST_GROUP,8,4,3,0.9940687417984009,0.9726285934448242,4.0,exif_timezone,"[[256, 256], [256, 256]]",False
mobilenet,held_out-06-dated,held_out-06-far,SIMILAR_BUT_NOT_DUPLICATE,,0,0,0,0.9936069250106812,0.9999246597290039,15638400.0,exif_timezone,"[[256, 256], [256, 256]]",False
mobilenet,held_out-07-base,held_out-07-exact,EXACT_DUPLICATE,EXACT_DUPLICATE,0,0,0,1.0,0.9999999403953552,,incomparable,"[[256, 256], [256, 256]]",False
mobilenet,held_out-07-base,held_out-07-resize,NEAR_DUPLICATE,NEAR_DUPLICATE,0,0,0,0.9847337007522583,0.9999102354049683,,incomparable,"[[256, 256], [384, 384]]",False
mobilenet,held_out-07-base,held_out-07-slight_crop,NEAR_DUPLICATE,NEAR_DUPLICATE,2,2,0,0.9828471541404724,0.9802544116973877,,incomparable,"[[256, 256], [250, 250]]",True
mobilenet,held_out-07-base,held_out-07-moderate_crop,SIMILAR_BUT_NOT_DUPLICATE,,36,30,26,0.8671277761459351,-0.09080960601568222,,incomparable,"[[256, 256], [128, 128]]",False
mobilenet,held_out-07-base,held_out-07-brightness,NEAR_DUPLICATE,NEAR_DUPLICATE,0,0,0,0.9990344643592834,0.9998570680618286,,incomparable,"[[256, 256], [256, 256]]",False
mobilenet,held_out-07-base,held_out-07-contrast,NEAR_DUPLICATE,NEAR_DUPLICATE,0,1,0,0.9986277222633362,0.9998209476470947,,incomparable,"[[256, 256], [256, 256]]",False
mobilenet,held_out-07-base,held_out-07-rotation,NEAR_DUPLICATE,NEAR_DUPLICATE,0,4,4,0.9728983640670776,0.9318148493766785,,incomparable,"[[256, 256], [256, 256]]",True
mobilenet,held_out-07-base,held_out-07-blur,NEAR_DUPLICATE,NEAR_DUPLICATE,0,0,0,0.8349277973175049,0.9994930028915405,,incomparable,"[[256, 256], [256, 256]]",False
mobilenet,held_out-07-base,held_out-07-unrelated,UNRELATED,,30,33,28,0.9701465368270874,0.235906720161438,,incomparable,"[[256, 256], [256, 256]]",False
mobilenet,held_out-07-base,held_out-07-recompressed,NEAR_DUPLICATE,NEAR_DUPLICATE,0,0,0,0.8269757628440857,0.9997564554214478,,incomparable,"[[256, 256], [256, 256]]",False
mobilenet,held_out-07-burst0,held_out-07-burst1,BURST_SAME_MOMENT,BURST_GROUP,6,1,1,0.9930107593536377,0.9587931632995605,3.0,exif_timezone,"[[256, 256], [256, 256]]",False
mobilenet,held_out-07-burst1,held_out-07-burst2,BURST_SAME_MOMENT,BURST_GROUP,0,1,0,0.9961299896240234,0.9952303767204285,4.0,exif_timezone,"[[256, 256], [256, 256]]",False
mobilenet,held_out-07-dated,held_out-07-far,SIMILAR_BUT_NOT_DUPLICATE,,0,0,0,0.9937401413917542,0.9999020099639893,15638400.0,exif_timezone,"[[256, 256], [256, 256]]",False
mobilenet,held_out-08-base,held_out-08-exact,EXACT_DUPLICATE,EXACT_DUPLICATE,0,0,0,1.0,1.0,,incomparable,"[[256, 256], [256, 256]]",False
mobilenet,held_out-08-base,held_out-08-resize,NEAR_DUPLICATE,NEAR_DUPLICATE,0,0,0,0.9736177325248718,0.9999485015869141,,incomparable,"[[256, 256], [384, 384]]",False
mobilenet,held_out-08-base,held_out-08-slight_crop,NEAR_DUPLICATE,NEAR_DUPLICATE,4,3,1,0.977773129940033,0.9820147156715393,,incomparable,"[[256, 256], [250, 250]]",True
mobilenet,held_out-08-base,held_out-08-moderate_crop,SIMILAR_BUT_NOT_DUPLICATE,,32,29,30,0.846979022026062,0.08020536601543427,,incomparable,"[[256, 256], [128, 128]]",False
mobilenet,held_out-08-base,held_out-08-brightness,NEAR_DUPLICATE,NEAR_DUPLICATE,0,1,0,0.9986612796783447,0.9999049305915833,,incomparable,"[[256, 256], [256, 256]]",False
mobilenet,held_out-08-base,held_out-08-contrast,NEAR_DUPLICATE,NEAR_DUPLICATE,0,2,1,0.9987856149673462,0.9998836517333984,,incomparable,"[[256, 256], [256, 256]]",False
mobilenet,held_out-08-base,held_out-08-rotation,NEAR_DUPLICATE,NEAR_DUPLICATE,4,6,3,0.9512718319892883,0.9479750394821167,,incomparable,"[[256, 256], [256, 256]]",True
mobilenet,held_out-08-base,held_out-08-blur,NEAR_DUPLICATE,NEAR_DUPLICATE,0,1,0,0.7972468137741089,0.9996236562728882,,incomparable,"[[256, 256], [256, 256]]",False
mobilenet,held_out-08-base,held_out-08-unrelated,UNRELATED,,26,33,29,0.9637235999107361,0.32272663712501526,,incomparable,"[[256, 256], [256, 256]]",False
mobilenet,held_out-08-base,held_out-08-recompressed,NEAR_DUPLICATE,NEAR_DUPLICATE,0,1,0,0.8594723343849182,0.9998170137405396,,incomparable,"[[256, 256], [256, 256]]",False
mobilenet,held_out-08-burst0,held_out-08-burst1,BURST_SAME_MOMENT,BURST_GROUP,4,5,3,0.9969854354858398,0.9846813082695007,3.0,exif_timezone,"[[256, 256], [256, 256]]",False
mobilenet,held_out-08-burst1,held_out-08-burst2,BURST_SAME_MOMENT,BURST_GROUP,2,3,1,0.9954466223716736,0.9827848076820374,4.0,exif_timezone,"[[256, 256], [256, 256]]",False
mobilenet,held_out-08-dated,held_out-08-far,SIMILAR_BUT_NOT_DUPLICATE,,0,2,0,0.9905943870544434,0.9999575614929199,15638400.0,exif_timezone,"[[256, 256], [256, 256]]",False
mobilenet,held_out-09-base,held_out-09-exact,EXACT_DUPLICATE,EXACT_DUPLICATE,0,0,0,1.0,0.9999998807907104,,incomparable,"[[256, 256], [256, 256]]",False
mobilenet,held_out-09-base,held_out-09-resize,NEAR_DUPLICATE,NEAR_DUPLICATE,0,0,0,0.9805585145950317,0.9999262690544128,,incomparable,"[[256, 256], [384, 384]]",False
mobilenet,held_out-09-base,held_out-09-slight_crop,NEAR_DUPLICATE,NEAR_DUPLICATE,4,1,1,0.9732180833816528,0.9896228909492493,,incomparable,"[[256, 256], [250, 250]]",True
mobilenet,held_out-09-base,held_out-09-moderate_crop,SIMILAR_BUT_NOT_DUPLICATE,,32,25,34,0.8310912251472473,-0.053223565220832825,,incomparable,"[[256, 256], [128, 128]]",False
mobilenet,held_out-09-base,held_out-09-brightness,NEAR_DUPLICATE,NEAR_DUPLICATE,0,0,0,0.9969499111175537,0.9998692274093628,,incomparable,"[[256, 256], [256, 256]]",False
mobilenet,held_out-09-base,held_out-09-contrast,NEAR_DUPLICATE,NEAR_DUPLICATE,0,0,0,0.9971238374710083,0.9998332858085632,,incomparable,"[[256, 256], [256, 256]]",False
mobilenet,held_out-09-base,held_out-09-rotation,NEAR_DUPLICATE,NEAR_DUPLICATE,8,4,2,0.9587423801422119,0.9565000534057617,,incomparable,"[[256, 256], [256, 256]]",True
mobilenet,held_out-09-base,held_out-09-blur,NEAR_DUPLICATE,NEAR_DUPLICATE,0,0,0,0.8356627225875854,0.9995894432067871,,incomparable,"[[256, 256], [256, 256]]",False
mobilenet,held_out-09-base,held_out-09-unrelated,UNRELATED,,34,35,23,0.963754415512085,0.32715991139411926,,incomparable,"[[256, 256], [256, 256]]",False
mobilenet,held_out-09-base,held_out-09-recompressed,NEAR_DUPLICATE,NEAR_DUPLICATE,0,0,0,0.9105385541915894,0.9997984170913696,,incomparable,"[[256, 256], [256, 256]]",False
mobilenet,held_out-09-burst0,held_out-09-burst1,BURST_SAME_MOMENT,BURST_GROUP,6,2,0,0.9945987462997437,0.9868541955947876,3.0,exif_timezone,"[[256, 256], [256, 256]]",False
mobilenet,held_out-09-burst1,held_out-09-burst2,BURST_SAME_MOMENT,BURST_GROUP,6,3,0,0.996700644493103,0.9904571175575256,4.0,exif_timezone,"[[256, 256], [256, 256]]",False
mobilenet,held_out-09-dated,held_out-09-far,SIMILAR_BUT_NOT_DUPLICATE,,0,0,0,0.9911494255065918,0.9999313354492188,15638400.0,exif_timezone,"[[256, 256], [256, 256]]",False
mobilenet,held_out-10-base,held_out-10-exact,EXACT_DUPLICATE,EXACT_DUPLICATE,0,0,0,1.0,1.0,,incomparable,"[[256, 256], [256, 256]]",False
mobilenet,held_out-10-base,held_out-10-resize,NEAR_DUPLICATE,NEAR_DUPLICATE,0,0,0,0.9750292897224426,0.9999073147773743,,incomparable,"[[256, 256], [384, 384]]",False
mobilenet,held_out-10-base,held_out-10-slight_crop,NEAR_DUPLICATE,NEAR_DUPLICATE,4,0,0,0.9791650772094727,0.97576904296875,,incomparable,"[[256, 256], [250, 250]]",True
mobilenet,held_out-10-base,held_out-10-moderate_crop,SIMILAR_BUT_NOT_DUPLICATE,,34,26,23,0.8707914352416992,0.1316411793231964,,incomparable,"[[256, 256], [128, 128]]",False
mobilenet,held_out-10-base,held_out-10-brightness,NEAR_DUPLICATE,NEAR_DUPLICATE,0,1,0,0.9983455538749695,0.9998250007629395,,incomparable,"[[256, 256], [256, 256]]",False
mobilenet,held_out-10-base,held_out-10-contrast,NEAR_DUPLICATE,NEAR_DUPLICATE,0,0,0,0.9976994395256042,0.999816358089447,,incomparable,"[[256, 256], [256, 256]]",False
mobilenet,held_out-10-base,held_out-10-rotation,NEAR_DUPLICATE,NEAR_DUPLICATE,4,1,4,0.9651398658752441,0.928830623626709,,incomparable,"[[256, 256], [256, 256]]",True
mobilenet,held_out-10-base,held_out-10-blur,NEAR_DUPLICATE,NEAR_DUPLICATE,0,0,0,0.8005197048187256,0.9995006322860718,,incomparable,"[[256, 256], [256, 256]]",False
mobilenet,held_out-10-base,held_out-10-unrelated,UNRELATED,,32,27,24,0.9483742713928223,0.22212333977222443,,incomparable,"[[256, 256], [256, 256]]",False
mobilenet,held_out-10-base,held_out-10-recompressed,NEAR_DUPLICATE,NEAR_DUPLICATE,0,0,0,0.8396897315979004,0.9997813701629639,,incomparable,"[[256, 256], [256, 256]]",False
mobilenet,held_out-10-burst0,held_out-10-burst1,BURST_SAME_MOMENT,BURST_GROUP,12,3,4,0.9971932172775269,0.9493625164031982,3.0,exif_timezone,"[[256, 256], [256, 256]]",False
mobilenet,held_out-10-burst1,held_out-10-burst2,BURST_SAME_MOMENT,BURST_GROUP,6,5,4,0.9917144775390625,0.9535230398178101,4.0,exif_timezone,"[[256, 256], [256, 256]]",False
mobilenet,held_out-10-dated,held_out-10-far,SIMILAR_BUT_NOT_DUPLICATE,,0,0,0,0.9879608750343323,0.9999136924743652,15638400.0,exif_timezone,"[[256, 256], [256, 256]]",False
mobilenet,held_out-11-base,held_out-11-exact,EXACT_DUPLICATE,EXACT_DUPLICATE,0,0,0,1.0,1.0,,incomparable,"[[256, 256], [256, 256]]",False
mobilenet,held_out-11-base,held_out-11-resize,NEAR_DUPLICATE,NEAR_DUPLICATE,0,0,0,0.9779478311538696,0.9999591708183289,,incomparable,"[[256, 256], [384, 384]]",False
mobilenet,held_out-11-base,held_out-11-slight_crop,NEAR_DUPLICATE,NEAR_DUPLICATE,4,6,0,0.9789509773254395,0.9818066358566284,,incomparable,"[[256, 256], [250, 250]]",True
mobilenet,held_out-11-base,held_out-11-moderate_crop,SIMILAR_BUT_NOT_DUPLICATE,,30,27,13,0.8464864492416382,0.3356521725654602,,incomparable,"[[256, 256], [128, 128]]",False
mobilenet,held_out-11-base,held_out-11-brightness,NEAR_DUPLICATE,NEAR_DUPLICATE,2,1,0,0.9956418871879578,0.9998972415924072,,incomparable,"[[256, 256], [256, 256]]",False
mobilenet,held_out-11-base,held_out-11-contrast,NEAR_DUPLICATE,NEAR_DUPLICATE,0,1,0,0.9978936910629272,0.9998984336853027,,incomparable,"[[256, 256], [256, 256]]",False
mobilenet,held_out-11-base,held_out-11-rotation,NEAR_DUPLICATE,,8,3,1,0.9401283860206604,0.9343042373657227,,incomparable,"[[256, 256], [256, 256]]",False
mobilenet,held_out-11-base,held_out-11-blur,NEAR_DUPLICATE,NEAR_DUPLICATE,0,0,0,0.8128641247749329,0.9996581077575684,,incomparable,"[[256, 256], [256, 256]]",False
mobilenet,held_out-11-base,held_out-11-unrelated,UNRELATED,,28,29,18,0.9606513977050781,0.3473397195339203,,incomparable,"[[256, 256], [256, 256]]",False
mobilenet,held_out-11-base,held_out-11-recompressed,NEAR_DUPLICATE,NEAR_DUPLICATE,2,0,0,0.8692127466201782,0.9998689889907837,,incomparable,"[[256, 256], [256, 256]]",False
mobilenet,held_out-11-burst0,held_out-11-burst1,BURST_SAME_MOMENT,BURST_GROUP,0,0,0,0.997797966003418,0.9937529563903809,3.0,exif_timezone,"[[256, 256], [256, 256]]",False
mobilenet,held_out-11-burst1,held_out-11-burst2,BURST_SAME_MOMENT,NEAR_DUPLICATE,0,2,0,0.9955011606216431,0.9990825653076172,4.0,exif_timezone,"[[256, 256], [256, 256]]",False
mobilenet,held_out-11-dated,held_out-11-far,SIMILAR_BUT_NOT_DUPLICATE,,0,0,0,0.9908453226089478,0.9999614953994751,15638400.0,exif_timezone,"[[256, 256], [256, 256]]",False
mobilenet,held_out-negative-sunset-0,held_out-negative-sunset-1,SIMILAR_BUT_NOT_DUPLICATE,,32,22,11,0.9592059850692749,0.14982937276363373,,incomparable,"[[256, 256], [256, 256]]",False
mobilenet,held_out-negative-wall-0,held_out-negative-wall-1,SIMILAR_BUT_NOT_DUPLICATE,,46,4,6,0.9712343215942383,-0.004479351453483105,,incomparable,"[[256, 256], [256, 256]]",False
mobilenet,held_out-negative-screenshot-0,held_out-negative-screenshot-1,SIMILAR_BUT_NOT_DUPLICATE,,32,23,19,0.9582050442695618,0.5518649816513062,,incomparable,"[[256, 256], [256, 256]]",False
mobilenet,held_out-negative-dark-0,held_out-negative-dark-1,SIMILAR_BUT_NOT_DUPLICATE,,48,4,4,0.9930471181869507,-0.00511768227443099,,incomparable,"[[256, 256], [256, 256]]",False
mobilenet,held_out-negative-sky-0,held_out-negative-sky-1,SIMILAR_BUT_NOT_DUPLICATE,,34,20,6,0.9727429747581482,0.59726881980896,,incomparable,"[[256, 256], [256, 256]]",False
mobilenet,held_out-negative-document-0,held_out-negative-document-1,SIMILAR_BUT_NOT_DUPLICATE,,32,23,19,0.9582050442695618,0.5518649816513062,,incomparable,"[[256, 256], [256, 256]]",False
mobilenet,held_out-negative-pattern-0,held_out-negative-pattern-1,SIMILAR_BUT_NOT_DUPLICATE,,24,0,7,1.0,0.8282140493392944,,incomparable,"[[256, 256], [256, 256]]",False
tinyclip,held_out-00-base,held_out-00-exact,EXACT_DUPLICATE,EXACT_DUPLICATE,0,0,0,1.0,1.0,,incomparable,"[[256, 256], [256, 256]]",False
tinyclip,held_out-00-base,held_out-00-resize,NEAR_DUPLICATE,NEAR_DUPLICATE,0,0,0,0.9987851977348328,0.9999197125434875,,incomparable,"[[256, 256], [384, 384]]",False
tinyclip,held_out-00-base,held_out-00-slight_crop,NEAR_DUPLICATE,NEAR_DUPLICATE,0,1,0,0.9981580376625061,0.9872773885726929,,incomparable,"[[256, 256], [250, 250]]",True
tinyclip,held_out-00-base,held_out-00-moderate_crop,SIMILAR_BUT_NOT_DUPLICATE,,36,37,28,0.9678773283958435,0.0871523767709732,,incomparable,"[[256, 256], [128, 128]]",False
tinyclip,held_out-00-base,held_out-00-brightness,NEAR_DUPLICATE,NEAR_DUPLICATE,0,0,0,0.9996931552886963,0.9998074769973755,,incomparable,"[[256, 256], [256, 256]]",False
tinyclip,held_out-00-base,held_out-00-contrast,NEAR_DUPLICATE,NEAR_DUPLICATE,0,0,0,0.9994497299194336,0.9998494982719421,,incomparable,"[[256, 256], [256, 256]]",False
tinyclip,held_out-00-base,held_out-00-rotation,NEAR_DUPLICATE,NEAR_DUPLICATE,4,6,2,0.9715902209281921,0.9450273513793945,,incomparable,"[[256, 256], [256, 256]]",True
tinyclip,held_out-00-base,held_out-00-blur,NEAR_DUPLICATE,NEAR_DUPLICATE,0,0,0,0.9629439115524292,0.9995993375778198,,incomparable,"[[256, 256], [256, 256]]",False
tinyclip,held_out-00-base,held_out-00-unrelated,UNRELATED,,34,31,27,0.988567054271698,0.0024823369458317757,,incomparable,"[[256, 256], [256, 256]]",False
tinyclip,held_out-00-base,held_out-00-recompressed,NEAR_DUPLICATE,NEAR_DUPLICATE,0,0,0,0.9666754007339478,0.9998232126235962,,incomparable,"[[256, 256], [256, 256]]",False
tinyclip,held_out-00-burst0,held_out-00-burst1,BURST_SAME_MOMENT,BURST_GROUP,4,4,0,0.9995681643486023,0.9878971576690674,3.0,exif_timezone,"[[256, 256], [256, 256]]",False
tinyclip,held_out-00-burst1,held_out-00-burst2,BURST_SAME_MOMENT,BURST_GROUP,4,5,1,0.9991545677185059,0.9910944104194641,4.0,exif_timezone,"[[256, 256], [256, 256]]",False
tinyclip,held_out-00-dated,held_out-00-far,SIMILAR_BUT_NOT_DUPLICATE,,0,0,0,0.9980062246322632,0.999930739402771,15638400.0,exif_timezone,"[[256, 256], [256, 256]]",False
tinyclip,held_out-01-base,held_out-01-exact,EXACT_DUPLICATE,EXACT_DUPLICATE,0,0,0,1.0,0.9999997019767761,,incomparable,"[[256, 256], [256, 256]]",False
tinyclip,held_out-01-base,held_out-01-resize,NEAR_DUPLICATE,NEAR_DUPLICATE,0,1,0,0.9987540245056152,0.9999337196350098,,incomparable,"[[256, 256], [384, 384]]",False
tinyclip,held_out-01-base,held_out-01-slight_crop,NEAR_DUPLICATE,NEAR_DUPLICATE,0,1,0,0.9966623783111572,0.9901701211929321,,incomparable,"[[256, 256], [250, 250]]",True
tinyclip,held_out-01-base,held_out-01-moderate_crop,SIMILAR_BUT_NOT_DUPLICATE,,30,25,23,0.9670982360839844,0.18468621373176575,,incomparable,"[[256, 256], [128, 128]]",False
tinyclip,held_out-01-base,held_out-01-brightness,NEAR_DUPLICATE,NEAR_DUPLICATE,0,1,0,0.9996957182884216,0.9998927712440491,,incomparable,"[[256, 256], [256, 256]]",False
tinyclip,held_out-01-base,held_out-01-contrast,NEAR_DUPLICATE,NEAR_DUPLICATE,0,0,0,0.9995899200439453,0.9998717308044434,,incomparable,"[[256, 256], [256, 256]]",False
tinyclip,held_out-01-base,held_out-01-rotation,NEAR_DUPLICATE,NEAR_DUPLICATE,4,4,3,0.966936469078064,0.9606765508651733,,incomparable,"[[256, 256], [256, 256]]",True
tinyclip,held_out-01-base,held_out-01-blur,NEAR_DUPLICATE,NEAR_DUPLICATE,0,0,0,0.9704711437225342,0.9996864199638367,,incomparable,"[[256, 256], [256, 256]]",False
tinyclip,held_out-01-base,held_out-01-unrelated,UNRELATED,,26,27,22,0.9939405918121338,0.3514159321784973,,incomparable,"[[256, 256], [256, 256]]",False
tinyclip,held_out-01-base,held_out-01-recompressed,NEAR_DUPLICATE,NEAR_DUPLICATE,0,0,0,0.9496318697929382,0.9998291730880737,,incomparable,"[[256, 256], [256, 256]]",False
tinyclip,held_out-01-burst0,held_out-01-burst1,BURST_SAME_MOMENT,BURST_GROUP,10,3,2,0.9990991353988647,0.9607068300247192,3.0,exif_timezone,"[[256, 256], [256, 256]]",False
tinyclip,held_out-01-burst1,held_out-01-burst2,BURST_SAME_MOMENT,BURST_GROUP,10,3,2,0.9991805553436279,0.9565447568893433,4.0,exif_timezone,"[[256, 256], [256, 256]]",False
tinyclip,held_out-01-dated,held_out-01-far,SIMILAR_BUT_NOT_DUPLICATE,,0,1,0,0.9980670213699341,0.9999315738677979,15638400.0,exif_timezone,"[[256, 256], [256, 256]]",False
tinyclip,held_out-02-base,held_out-02-exact,EXACT_DUPLICATE,EXACT_DUPLICATE,0,0,0,0.9999999403953552,1.0,,incomparable,"[[256, 256], [256, 256]]",False
tinyclip,held_out-02-base,held_out-02-resize,NEAR_DUPLICATE,NEAR_DUPLICATE,0,0,0,0.9984725713729858,0.9999194145202637,,incomparable,"[[256, 256], [384, 384]]",False
tinyclip,held_out-02-base,held_out-02-slight_crop,NEAR_DUPLICATE,NEAR_DUPLICATE,4,1,1,0.9985299110412598,0.9862443804740906,,incomparable,"[[256, 256], [250, 250]]",True
tinyclip,held_out-02-base,held_out-02-moderate_crop,SIMILAR_BUT_NOT_DUPLICATE,,34,33,28,0.970677375793457,-0.08093893527984619,,incomparable,"[[256, 256], [128, 128]]",False
tinyclip,held_out-02-base,held_out-02-brightness,NEAR_DUPLICATE,NEAR_DUPLICATE,0,0,0,0.9997063875198364,0.9998576045036316,,incomparable,"[[256, 256], [256, 256]]",False
tinyclip,held_out-02-base,held_out-02-contrast,NEAR_DUPLICATE,NEAR_DUPLICATE,0,0,0,0.9993972778320312,0.9998623132705688,,incomparable,"[[256, 256], [256, 256]]",False
tinyclip,held_out-02-base,held_out-02-rotation,NEAR_DUPLICATE,NEAR_DUPLICATE,6,6,1,0.965668797492981,0.942714512348175,,incomparable,"[[256, 256], [256, 256]]",True
tinyclip,held_out-02-base,held_out-02-blur,NEAR_DUPLICATE,NEAR_DUPLICATE,0,0,0,0.9647212028503418,0.9996339082717896,,incomparable,"[[256, 256], [256, 256]]",False
tinyclip,held_out-02-base,held_out-02-unrelated,UNRELATED,,28,26,24,0.992075502872467,0.23656824231147766,,incomparable,"[[256, 256], [256, 256]]",False
tinyclip,held_out-02-base,held_out-02-recompressed,NEAR_DUPLICATE,NEAR_DUPLICATE,0,0,0,0.9486204385757446,0.9997633099555969,,incomparable,"[[256, 256], [256, 256]]",False
tinyclip,held_out-02-burst0,held_out-02-burst1,BURST_SAME_MOMENT,BURST_GROUP,2,3,2,0.9993290901184082,0.9825502634048462,3.0,exif_timezone,"[[256, 256], [256, 256]]",False
tinyclip,held_out-02-burst1,held_out-02-burst2,BURST_SAME_MOMENT,BURST_GROUP,4,2,3,0.9994469881057739,0.9866608381271362,4.0,exif_timezone,"[[256, 256], [256, 256]]",False
tinyclip,held_out-02-dated,held_out-02-far,SIMILAR_BUT_NOT_DUPLICATE,,0,0,0,0.9979677200317383,0.9999200105667114,15638400.0,exif_timezone,"[[256, 256], [256, 256]]",False
tinyclip,held_out-03-base,held_out-03-exact,EXACT_DUPLICATE,EXACT_DUPLICATE,0,0,0,1.0,0.9999995231628418,,incomparable,"[[256, 256], [256, 256]]",False
tinyclip,held_out-03-base,held_out-03-resize,NEAR_DUPLICATE,NEAR_DUPLICATE,0,0,0,0.9984884262084961,0.9999117851257324,,incomparable,"[[256, 256], [384, 384]]",False
tinyclip,held_out-03-base,held_out-03-slight_crop,NEAR_DUPLICATE,NEAR_DUPLICATE,2,1,1,0.9971650838851929,0.9852379560470581,,incomparable,"[[256, 256], [250, 250]]",True
tinyclip,held_out-03-base,held_out-03-moderate_crop,SIMILAR_BUT_NOT_DUPLICATE,,28,26,13,0.9557027220726013,0.4663301110267639,,incomparable,"[[256, 256], [128, 128]]",False
tinyclip,held_out-03-base,held_out-03-brightness,NEAR_DUPLICATE,NEAR_DUPLICATE,0,1,0,0.9996592402458191,0.9998317956924438,,incomparable,"[[256, 256], [256, 256]]",False
tinyclip,held_out-03-base,held_out-03-contrast,NEAR_DUPLICATE,NEAR_DUPLICATE,0,0,0,0.9994111061096191,0.9998370409011841,,incomparable,"[[256, 256], [256, 256]]",False
tinyclip,held_out-03-base,held_out-03-rotation,NEAR_DUPLICATE,NEAR_DUPLICATE,4,7,2,0.9661193490028381,0.9454065561294556,,incomparable,"[[256, 256], [256, 256]]",True
tinyclip,held_out-03-base,held_out-03-blur,NEAR_DUPLICATE,NEAR_DUPLICATE,0,0,0,0.964680552482605,0.9996557235717773,,incomparable,"[[256, 256], [256, 256]]",False
tinyclip,held_out-03-base,held_out-03-unrelated,UNRELATED,,30,32,23,0.9846593141555786,0.30075252056121826,,incomparable,"[[256, 256], [256, 256]]",False
tinyclip,held_out-03-base,held_out-03-recompressed,NEAR_DUPLICATE,NEAR_DUPLICATE,0,0,0,0.9556275010108948,0.999758243560791,,incomparable,"[[256, 256], [256, 256]]",False
tinyclip,held_out-03-burst0,held_out-03-burst1,BURST_SAME_MOMENT,BURST_GROUP,2,1,0,0.9996058940887451,0.9982256889343262,3.0,exif_timezone,"[[256, 256], [256, 256]]",False
tinyclip,held_out-03-burst1,held_out-03-burst2,BURST_SAME_MOMENT,BURST_GROUP,2,3,0,0.9996510744094849,0.9976324439048767,4.0,exif_timezone,"[[256, 256], [256, 256]]",False
tinyclip,held_out-03-dated,held_out-03-far,SIMILAR_BUT_NOT_DUPLICATE,,0,0,0,0.9973523616790771,0.999915361404419,15638400.0,exif_timezone,"[[256, 256], [256, 256]]",False
tinyclip,held_out-04-base,held_out-04-exact,EXACT_DUPLICATE,EXACT_DUPLICATE,0,0,0,1.0,1.0,,incomparable,"[[256, 256], [256, 256]]",False
tinyclip,held_out-04-base,held_out-04-resize,NEAR_DUPLICATE,NEAR_DUPLICATE,0,1,0,0.9988914132118225,0.9999328255653381,,incomparable,"[[256, 256], [384, 384]]",False
tinyclip,held_out-04-base,held_out-04-slight_crop,NEAR_DUPLICATE,NEAR_DUPLICATE,2,3,4,0.9971989393234253,0.9749650955200195,,incomparable,"[[256, 256], [250, 250]]",True
tinyclip,held_out-04-base,held_out-04-moderate_crop,SIMILAR_BUT_NOT_DUPLICATE,,28,30,20,0.9645152688026428,0.20107150077819824,,incomparable,"[[256, 256], [128, 128]]",False
tinyclip,held_out-04-base,held_out-04-brightness,NEAR_DUPLICATE,NEAR_DUPLICATE,2,1,0,0.9996180534362793,0.9996223449707031,,incomparable,"[[256, 256], [256, 256]]",False
tinyclip,held_out-04-base,held_out-04-contrast,NEAR_DUPLICATE,NEAR_DUPLICATE,2,0,0,0.9994009137153625,0.9998583793640137,,incomparable,"[[256, 256], [256, 256]]",False
tinyclip,held_out-04-base,held_out-04-rotation,NEAR_DUPLICATE,NEAR_DUPLICATE,2,10,2,0.9616265296936035,0.9304707050323486,,incomparable,"[[256, 256], [256, 256]]",True
tinyclip,held_out-04-base,held_out-04-blur,NEAR_DUPLICATE,NEAR_DUPLICATE,0,1,0,0.970228910446167,0.9996077418327332,,incomparable,"[[256, 256], [256, 256]]",False
tinyclip,held_out-04-base,held_out-04-unrelated,UNRELATED,,34,33,32,0.991326630115509,0.05894537270069122,,incomparable,"[[256, 256], [256, 256]]",False
tinyclip,held_out-04-base,held_out-04-recompressed,NEAR_DUPLICATE,NEAR_DUPLICATE,0,1,0,0.9630841016769409,0.9997736215591431,,incomparable,"[[256, 256], [256, 256]]",False
tinyclip,held_out-04-burst0,held_out-04-burst1,BURST_SAME_MOMENT,BURST_GROUP,6,3,0,0.999329149723053,0.969221830368042,3.0,exif_timezone,"[[256, 256], [256, 256]]",False
tinyclip,held_out-04-burst1,held_out-04-burst2,BURST_SAME_MOMENT,BURST_GROUP,6,3,2,0.998955488204956,0.9434459209442139,4.0,exif_timezone,"[[256, 256], [256, 256]]",False
tinyclip,held_out-04-dated,held_out-04-far,SIMILAR_BUT_NOT_DUPLICATE,,0,0,0,0.9979788064956665,0.9999274015426636,15638400.0,exif_timezone,"[[256, 256], [256, 256]]",False
tinyclip,held_out-05-base,held_out-05-exact,EXACT_DUPLICATE,EXACT_DUPLICATE,0,0,0,1.0,1.0,,incomparable,"[[256, 256], [256, 256]]",False
tinyclip,held_out-05-base,held_out-05-resize,NEAR_DUPLICATE,NEAR_DUPLICATE,0,0,0,0.9985623955726624,0.9999350309371948,,incomparable,"[[256, 256], [384, 384]]",False
tinyclip,held_out-05-base,held_out-05-slight_crop,NEAR_DUPLICATE,NEAR_DUPLICATE,0,1,3,0.9987748265266418,0.986538290977478,,incomparable,"[[256, 256], [250, 250]]",True
tinyclip,held_out-05-base,held_out-05-moderate_crop,SIMILAR_BUT_NOT_DUPLICATE,,36,24,28,0.9740989804267883,0.0467509925365448,,incomparable,"[[256, 256], [128, 128]]",False
tinyclip,held_out-05-base,held_out-05-brightness,NEAR_DUPLICATE,NEAR_DUPLICATE,0,0,0,0.9995490908622742,0.9997849464416504,,incomparable,"[[256, 256], [256, 256]]",False
tinyclip,held_out-05-base,held_out-05-contrast,NEAR_DUPLICATE,NEAR_DUPLICATE,0,0,0,0.9995160102844238,0.999875545501709,,incomparable,"[[256, 256], [256, 256]]",False
tinyclip,held_out-05-base,held_out-05-rotation,NEAR_DUPLICATE,NEAR_DUPLICATE,8,6,3,0.9797929525375366,0.9549503922462463,,incomparable,"[[256, 256], [256, 256]]",True
tinyclip,held_out-05-base,held_out-05-blur,NEAR_DUPLICATE,NEAR_DUPLICATE,0,0,0,0.9662377834320068,0.9995673298835754,,incomparable,"[[256, 256], [256, 256]]",False
tinyclip,held_out-05-base,held_out-05-unrelated,UNRELATED,,26,28,16,0.994067907333374,0.37597811222076416,,incomparable,"[[256, 256], [256, 256]]",False
tinyclip,held_out-05-base,held_out-05-recompressed,NEAR_DUPLICATE,NEAR_DUPLICATE,0,0,0,0.9675954580307007,0.9998453855514526,,incomparable,"[[256, 256], [256, 256]]",False
tinyclip,held_out-05-burst0,held_out-05-burst1,BURST_SAME_MOMENT,BURST_GROUP,0,1,1,0.9990172982215881,0.9943106174468994,3.0,exif_timezone,"[[256, 256], [256, 256]]",False
tinyclip,held_out-05-burst1,held_out-05-burst2,BURST_SAME_MOMENT,BURST_GROUP,0,0,0,0.9992482662200928,0.9905208945274353,4.0,exif_timezone,"[[256, 256], [256, 256]]",False
tinyclip,held_out-05-dated,held_out-05-far,SIMILAR_BUT_NOT_DUPLICATE,,0,0,0,0.9976679086685181,0.9999408721923828,15638400.0,exif_timezone,"[[256, 256], [256, 256]]",False
tinyclip,held_out-06-base,held_out-06-exact,EXACT_DUPLICATE,EXACT_DUPLICATE,0,0,0,1.0,1.0,,incomparable,"[[256, 256], [256, 256]]",False
tinyclip,held_out-06-base,held_out-06-resize,NEAR_DUPLICATE,NEAR_DUPLICATE,0,0,0,0.9983068108558655,0.9999193549156189,,incomparable,"[[256, 256], [384, 384]]",False
tinyclip,held_out-06-base,held_out-06-slight_crop,NEAR_DUPLICATE,NEAR_DUPLICATE,4,1,1,0.9983924627304077,0.989016592502594,,incomparable,"[[256, 256], [250, 250]]",True
tinyclip,held_out-06-base,held_out-06-moderate_crop,SIMILAR_BUT_NOT_DUPLICATE,,28,22,25,0.9592242240905762,0.33477985858917236,,incomparable,"[[256, 256], [128, 128]]",False
tinyclip,held_out-06-base,held_out-06-brightness,NEAR_DUPLICATE,NEAR_DUPLICATE,0,0,0,0.9996433854103088,0.9998896718025208,,incomparable,"[[256, 256], [256, 256]]",False
tinyclip,held_out-06-base,held_out-06-contrast,NEAR_DUPLICATE,NEAR_DUPLICATE,0,0,1,0.9994423985481262,0.9998267292976379,,incomparable,"[[256, 256], [256, 256]]",False
tinyclip,held_out-06-base,held_out-06-rotation,NEAR_DUPLICATE,NEAR_DUPLICATE,6,5,1,0.9706213474273682,0.9544587135314941,,incomparable,"[[256, 256], [256, 256]]",True
tinyclip,held_out-06-base,held_out-06-blur,NEAR_DUPLICATE,NEAR_DUPLICATE,2,0,0,0.966193437576294,0.9996509552001953,,incomparable,"[[256, 256], [256, 256]]",False
tinyclip,held_out-06-base,held_out-06-unrelated,UNRELATED,,30,29,25,0.9902111291885376,0.24429400265216827,,incomparable,"[[256, 256], [256, 256]]",False
tinyclip,held_out-06-base,held_out-06-recompressed,NEAR_DUPLICATE,NEAR_DUPLICATE,0,0,0,0.9596326351165771,0.9997861385345459,,incomparable,"[[256, 256], [256, 256]]",False
tinyclip,held_out-06-burst0,held_out-06-burst1,BURST_SAME_MOMENT,BURST_GROUP,0,1,0,0.9995783567428589,0.9909833669662476,3.0,exif_timezone,"[[256, 256], [256, 256]]",False
tinyclip,held_out-06-burst1,held_out-06-burst2,BURST_SAME_MOMENT,BURST_GROUP,8,4,3,0.9991418123245239,0.9726285934448242,4.0,exif_timezone,"[[256, 256], [256, 256]]",False
tinyclip,held_out-06-dated,held_out-06-far,SIMILAR_BUT_NOT_DUPLICATE,,0,0,0,0.9978833794593811,0.9999246597290039,15638400.0,exif_timezone,"[[256, 256], [256, 256]]",False
tinyclip,held_out-07-base,held_out-07-exact,EXACT_DUPLICATE,EXACT_DUPLICATE,0,0,0,1.0,0.9999999403953552,,incomparable,"[[256, 256], [256, 256]]",False
tinyclip,held_out-07-base,held_out-07-resize,NEAR_DUPLICATE,NEAR_DUPLICATE,0,0,0,0.9983165264129639,0.9999102354049683,,incomparable,"[[256, 256], [384, 384]]",False
tinyclip,held_out-07-base,held_out-07-slight_crop,NEAR_DUPLICATE,NEAR_DUPLICATE,2,2,0,0.9973629713058472,0.9802544116973877,,incomparable,"[[256, 256], [250, 250]]",True
tinyclip,held_out-07-base,held_out-07-moderate_crop,SIMILAR_BUT_NOT_DUPLICATE,,36,30,26,0.9777566194534302,-0.09080960601568222,,incomparable,"[[256, 256], [128, 128]]",False
tinyclip,held_out-07-base,held_out-07-brightness,NEAR_DUPLICATE,NEAR_DUPLICATE,0,0,0,0.9997206330299377,0.9998570680618286,,incomparable,"[[256, 256], [256, 256]]",False
tinyclip,held_out-07-base,held_out-07-contrast,NEAR_DUPLICATE,NEAR_DUPLICATE,0,1,0,0.999359667301178,0.9998209476470947,,incomparable,"[[256, 256], [256, 256]]",False
tinyclip,held_out-07-base,held_out-07-rotation,NEAR_DUPLICATE,NEAR_DUPLICATE,0,4,4,0.966080367565155,0.9318148493766785,,incomparable,"[[256, 256], [256, 256]]",True
tinyclip,held_out-07-base,held_out-07-blur,NEAR_DUPLICATE,NEAR_DUPLICATE,0,0,0,0.9639044404029846,0.9994930028915405,,incomparable,"[[256, 256], [256, 256]]",False
tinyclip,held_out-07-base,held_out-07-unrelated,UNRELATED,,30,33,28,0.9936953783035278,0.235906720161438,,incomparable,"[[256, 256], [256, 256]]",False
tinyclip,held_out-07-base,held_out-07-recompressed,NEAR_DUPLICATE,NEAR_DUPLICATE,0,0,0,0.9452314972877502,0.9997564554214478,,incomparable,"[[256, 256], [256, 256]]",False
tinyclip,held_out-07-burst0,held_out-07-burst1,BURST_SAME_MOMENT,BURST_GROUP,6,1,1,0.9992917776107788,0.9587931632995605,3.0,exif_timezone,"[[256, 256], [256, 256]]",False
tinyclip,held_out-07-burst1,held_out-07-burst2,BURST_SAME_MOMENT,BURST_GROUP,0,1,0,0.9997797012329102,0.9952303767204285,4.0,exif_timezone,"[[256, 256], [256, 256]]",False
tinyclip,held_out-07-dated,held_out-07-far,SIMILAR_BUT_NOT_DUPLICATE,,0,0,0,0.9976670742034912,0.9999020099639893,15638400.0,exif_timezone,"[[256, 256], [256, 256]]",False
tinyclip,held_out-08-base,held_out-08-exact,EXACT_DUPLICATE,EXACT_DUPLICATE,0,0,0,1.0,1.0,,incomparable,"[[256, 256], [256, 256]]",False
tinyclip,held_out-08-base,held_out-08-resize,NEAR_DUPLICATE,NEAR_DUPLICATE,0,0,0,0.9985290169715881,0.9999485015869141,,incomparable,"[[256, 256], [384, 384]]",False
tinyclip,held_out-08-base,held_out-08-slight_crop,NEAR_DUPLICATE,NEAR_DUPLICATE,4,3,1,0.9979449510574341,0.9820147156715393,,incomparable,"[[256, 256], [250, 250]]",True
tinyclip,held_out-08-base,held_out-08-moderate_crop,SIMILAR_BUT_NOT_DUPLICATE,,32,29,30,0.9676060080528259,0.08020536601543427,,incomparable,"[[256, 256], [128, 128]]",False
tinyclip,held_out-08-base,held_out-08-brightness,NEAR_DUPLICATE,NEAR_DUPLICATE,0,1,0,0.9996695518493652,0.9999049305915833,,incomparable,"[[256, 256], [256, 256]]",False
tinyclip,held_out-08-base,held_out-08-contrast,NEAR_DUPLICATE,NEAR_DUPLICATE,0,2,1,0.9994773864746094,0.9998836517333984,,incomparable,"[[256, 256], [256, 256]]",False
tinyclip,held_out-08-base,held_out-08-rotation,NEAR_DUPLICATE,NEAR_DUPLICATE,4,6,3,0.9709278345108032,0.9479750394821167,,incomparable,"[[256, 256], [256, 256]]",True
tinyclip,held_out-08-base,held_out-08-blur,NEAR_DUPLICATE,NEAR_DUPLICATE,0,1,0,0.9662302732467651,0.9996236562728882,,incomparable,"[[256, 256], [256, 256]]",False
tinyclip,held_out-08-base,held_out-08-unrelated,UNRELATED,,26,33,29,0.9912823438644409,0.32272663712501526,,incomparable,"[[256, 256], [256, 256]]",False
tinyclip,held_out-08-base,held_out-08-recompressed,NEAR_DUPLICATE,NEAR_DUPLICATE,0,1,0,0.9538929462432861,0.9998170137405396,,incomparable,"[[256, 256], [256, 256]]",False
tinyclip,held_out-08-burst0,held_out-08-burst1,BURST_SAME_MOMENT,BURST_GROUP,4,5,3,0.9994386434555054,0.9846813082695007,3.0,exif_timezone,"[[256, 256], [256, 256]]",False
tinyclip,held_out-08-burst1,held_out-08-burst2,BURST_SAME_MOMENT,BURST_GROUP,2,3,1,0.9994635581970215,0.9827848076820374,4.0,exif_timezone,"[[256, 256], [256, 256]]",False
tinyclip,held_out-08-dated,held_out-08-far,SIMILAR_BUT_NOT_DUPLICATE,,0,2,0,0.9972516298294067,0.9999575614929199,15638400.0,exif_timezone,"[[256, 256], [256, 256]]",False
tinyclip,held_out-09-base,held_out-09-exact,EXACT_DUPLICATE,EXACT_DUPLICATE,0,0,0,1.0,0.9999998807907104,,incomparable,"[[256, 256], [256, 256]]",False
tinyclip,held_out-09-base,held_out-09-resize,NEAR_DUPLICATE,NEAR_DUPLICATE,0,0,0,0.9985827207565308,0.9999262690544128,,incomparable,"[[256, 256], [384, 384]]",False
tinyclip,held_out-09-base,held_out-09-slight_crop,NEAR_DUPLICATE,NEAR_DUPLICATE,4,1,1,0.9991042613983154,0.9896228909492493,,incomparable,"[[256, 256], [250, 250]]",True
tinyclip,held_out-09-base,held_out-09-moderate_crop,SIMILAR_BUT_NOT_DUPLICATE,,32,25,34,0.9679889678955078,-0.053223565220832825,,incomparable,"[[256, 256], [128, 128]]",False
tinyclip,held_out-09-base,held_out-09-brightness,NEAR_DUPLICATE,NEAR_DUPLICATE,0,0,0,0.999688982963562,0.9998692274093628,,incomparable,"[[256, 256], [256, 256]]",False
tinyclip,held_out-09-base,held_out-09-contrast,NEAR_DUPLICATE,NEAR_DUPLICATE,0,0,0,0.9996428489685059,0.9998332858085632,,incomparable,"[[256, 256], [256, 256]]",False
tinyclip,held_out-09-base,held_out-09-rotation,NEAR_DUPLICATE,NEAR_DUPLICATE,8,4,2,0.9704627990722656,0.9565000534057617,,incomparable,"[[256, 256], [256, 256]]",True
tinyclip,held_out-09-base,held_out-09-blur,NEAR_DUPLICATE,NEAR_DUPLICATE,0,0,0,0.9647865295410156,0.9995894432067871,,incomparable,"[[256, 256], [256, 256]]",False
tinyclip,held_out-09-base,held_out-09-unrelated,UNRELATED,,34,35,23,0.9868614673614502,0.32715991139411926,,incomparable,"[[256, 256], [256, 256]]",False
tinyclip,held_out-09-base,held_out-09-recompressed,NEAR_DUPLICATE,NEAR_DUPLICATE,0,0,0,0.9775935411453247,0.9997984170913696,,incomparable,"[[256, 256], [256, 256]]",False
tinyclip,held_out-09-burst0,held_out-09-burst1,BURST_SAME_MOMENT,BURST_GROUP,6,2,0,0.9992843270301819,0.9868541955947876,3.0,exif_timezone,"[[256, 256], [256, 256]]",False
tinyclip,held_out-09-burst1,held_out-09-burst2,BURST_SAME_MOMENT,BURST_GROUP,6,3,0,0.9995428919792175,0.9904571175575256,4.0,exif_timezone,"[[256, 256], [256, 256]]",False
tinyclip,held_out-09-dated,held_out-09-far,SIMILAR_BUT_NOT_DUPLICATE,,0,0,0,0.9982340931892395,0.9999313354492188,15638400.0,exif_timezone,"[[256, 256], [256, 256]]",False
tinyclip,held_out-10-base,held_out-10-exact,EXACT_DUPLICATE,EXACT_DUPLICATE,0,0,0,1.0,1.0,,incomparable,"[[256, 256], [256, 256]]",False
tinyclip,held_out-10-base,held_out-10-resize,NEAR_DUPLICATE,NEAR_DUPLICATE,0,0,0,0.9986451268196106,0.9999073147773743,,incomparable,"[[256, 256], [384, 384]]",False
tinyclip,held_out-10-base,held_out-10-slight_crop,NEAR_DUPLICATE,NEAR_DUPLICATE,4,0,0,0.9979143738746643,0.97576904296875,,incomparable,"[[256, 256], [250, 250]]",True
tinyclip,held_out-10-base,held_out-10-moderate_crop,SIMILAR_BUT_NOT_DUPLICATE,,34,26,23,0.9752262830734253,0.1316411793231964,,incomparable,"[[256, 256], [128, 128]]",False
tinyclip,held_out-10-base,held_out-10-brightness,NEAR_DUPLICATE,NEAR_DUPLICATE,0,1,0,0.9996984004974365,0.9998250007629395,,incomparable,"[[256, 256], [256, 256]]",False
tinyclip,held_out-10-base,held_out-10-contrast,NEAR_DUPLICATE,NEAR_DUPLICATE,0,0,0,0.999453067779541,0.999816358089447,,incomparable,"[[256, 256], [256, 256]]",False
tinyclip,held_out-10-base,held_out-10-rotation,NEAR_DUPLICATE,NEAR_DUPLICATE,4,1,4,0.9647804498672485,0.928830623626709,,incomparable,"[[256, 256], [256, 256]]",True
tinyclip,held_out-10-base,held_out-10-blur,NEAR_DUPLICATE,NEAR_DUPLICATE,0,0,0,0.9684346914291382,0.9995006322860718,,incomparable,"[[256, 256], [256, 256]]",False
tinyclip,held_out-10-base,held_out-10-unrelated,UNRELATED,,32,27,24,0.9859986305236816,0.22212333977222443,,incomparable,"[[256, 256], [256, 256]]",False
tinyclip,held_out-10-base,held_out-10-recompressed,NEAR_DUPLICATE,NEAR_DUPLICATE,0,0,0,0.974032461643219,0.9997813701629639,,incomparable,"[[256, 256], [256, 256]]",False
tinyclip,held_out-10-burst0,held_out-10-burst1,BURST_SAME_MOMENT,BURST_GROUP,12,3,4,0.9993774890899658,0.9493625164031982,3.0,exif_timezone,"[[256, 256], [256, 256]]",False
tinyclip,held_out-10-burst1,held_out-10-burst2,BURST_SAME_MOMENT,BURST_GROUP,6,5,4,0.9992505311965942,0.9535230398178101,4.0,exif_timezone,"[[256, 256], [256, 256]]",False
tinyclip,held_out-10-dated,held_out-10-far,SIMILAR_BUT_NOT_DUPLICATE,,0,0,0,0.9978132247924805,0.9999136924743652,15638400.0,exif_timezone,"[[256, 256], [256, 256]]",False
tinyclip,held_out-11-base,held_out-11-exact,EXACT_DUPLICATE,EXACT_DUPLICATE,0,0,0,1.0,1.0,,incomparable,"[[256, 256], [256, 256]]",False
tinyclip,held_out-11-base,held_out-11-resize,NEAR_DUPLICATE,NEAR_DUPLICATE,0,0,0,0.9988154172897339,0.9999591708183289,,incomparable,"[[256, 256], [384, 384]]",False
tinyclip,held_out-11-base,held_out-11-slight_crop,NEAR_DUPLICATE,NEAR_DUPLICATE,4,6,0,0.9981440901756287,0.9818066358566284,,incomparable,"[[256, 256], [250, 250]]",True
tinyclip,held_out-11-base,held_out-11-moderate_crop,SIMILAR_BUT_NOT_DUPLICATE,,30,27,13,0.9695483446121216,0.3356521725654602,,incomparable,"[[256, 256], [128, 128]]",False
tinyclip,held_out-11-base,held_out-11-brightness,NEAR_DUPLICATE,NEAR_DUPLICATE,2,1,0,0.9995699524879456,0.9998972415924072,,incomparable,"[[256, 256], [256, 256]]",False
tinyclip,held_out-11-base,held_out-11-contrast,NEAR_DUPLICATE,NEAR_DUPLICATE,0,1,0,0.9993968605995178,0.9998984336853027,,incomparable,"[[256, 256], [256, 256]]",False
tinyclip,held_out-11-base,held_out-11-rotation,NEAR_DUPLICATE,NEAR_DUPLICATE,8,3,1,0.9764904975891113,0.9343042373657227,,incomparable,"[[256, 256], [256, 256]]",True
tinyclip,held_out-11-base,held_out-11-blur,NEAR_DUPLICATE,NEAR_DUPLICATE,0,0,0,0.9714754819869995,0.9996581077575684,,incomparable,"[[256, 256], [256, 256]]",False
tinyclip,held_out-11-base,held_out-11-unrelated,UNRELATED,,28,29,18,0.9889488220214844,0.3473397195339203,,incomparable,"[[256, 256], [256, 256]]",False
tinyclip,held_out-11-base,held_out-11-recompressed,NEAR_DUPLICATE,NEAR_DUPLICATE,2,0,0,0.9659255743026733,0.9998689889907837,,incomparable,"[[256, 256], [256, 256]]",False
tinyclip,held_out-11-burst0,held_out-11-burst1,BURST_SAME_MOMENT,BURST_GROUP,0,0,0,0.999703586101532,0.9937529563903809,3.0,exif_timezone,"[[256, 256], [256, 256]]",False
tinyclip,held_out-11-burst1,held_out-11-burst2,BURST_SAME_MOMENT,NEAR_DUPLICATE,0,2,0,0.9995191097259521,0.9990825653076172,4.0,exif_timezone,"[[256, 256], [256, 256]]",False
tinyclip,held_out-11-dated,held_out-11-far,SIMILAR_BUT_NOT_DUPLICATE,,0,0,0,0.9977089762687683,0.9999614953994751,15638400.0,exif_timezone,"[[256, 256], [256, 256]]",False
tinyclip,held_out-negative-sunset-0,held_out-negative-sunset-1,SIMILAR_BUT_NOT_DUPLICATE,,32,22,11,0.9965625405311584,0.14982937276363373,,incomparable,"[[256, 256], [256, 256]]",False
tinyclip,held_out-negative-wall-0,held_out-negative-wall-1,SIMILAR_BUT_NOT_DUPLICATE,,46,4,6,0.9986215829849243,-0.004479351453483105,,incomparable,"[[256, 256], [256, 256]]",False
tinyclip,held_out-negative-screenshot-0,held_out-negative-screenshot-1,SIMILAR_BUT_NOT_DUPLICATE,,32,23,19,0.9888670444488525,0.5518649816513062,,incomparable,"[[256, 256], [256, 256]]",False
tinyclip,held_out-negative-dark-0,held_out-negative-dark-1,SIMILAR_BUT_NOT_DUPLICATE,,48,4,4,0.9988940358161926,-0.00511768227443099,,incomparable,"[[256, 256], [256, 256]]",False
tinyclip,held_out-negative-sky-0,held_out-negative-sky-1,SIMILAR_BUT_NOT_DUPLICATE,,34,20,6,0.9981251955032349,0.59726881980896,,incomparable,"[[256, 256], [256, 256]]",False
tinyclip,held_out-negative-document-0,held_out-negative-document-1,SIMILAR_BUT_NOT_DUPLICATE,,32,23,19,0.9888670444488525,0.5518649816513062,,incomparable,"[[256, 256], [256, 256]]",False
tinyclip,held_out-negative-pattern-0,held_out-negative-pattern-1,SIMILAR_BUT_NOT_DUPLICATE,,24,0,7,0.9946915507316589,0.8282140493392944,,incomparable,"[[256, 256], [256, 256]]",False
